{"metrics/equity": 0.0002687166985771161, "metrics/std_deviation": 0.00035923256306171175, "metrics/sharpe_ratio": 0.7480299009833056, "metrics/mdd": 0.06518529755735747, "metrics/romad": 0.41223513375939363, "metrics/pip_pl": 0.0022299999999982464, "_runtime": 34, "_timestamp": 1641035056, "_step": 138, "training/policy_loss": -0.02591509325429797, "training/value_loss": 0.4184496998786926, "training/entropy_loss": -0.006811975035816431}